TestCase,Time
beta_diversity_1,0.270542
beta_diversity_1,0.188541
beta_diversity_1,0.185084
beta_diversity_1,0.181458
beta_diversity_1,0.192166
beta_diversity_1,0.18625
beta_diversity_1,0.181292
beta_diversity_1,0.185209
beta_diversity_1,0.180167
beta_diversity_1,0.184209
beta_diversity_1,0.181375
beta_diversity_1,0.181625
beta_diversity_1,0.179667
beta_diversity_1,0.2175
beta_diversity_1,0.222541
beta_diversity_1,0.186541
beta_diversity_1,0.182291
beta_diversity_1,0.193958
beta_diversity_1,0.18525
beta_diversity_1,0.186042
beta_diversity_1,0.19225
beta_diversity_1,0.184459
beta_diversity_1,0.186208
beta_diversity_1,0.183417
beta_diversity_1,0.1815
beta_diversity_1,0.186
beta_diversity_1,0.183292
beta_diversity_1,0.192625
beta_diversity_1,0.185958
beta_diversity_1,0.189167
beta_diversity_1,0.179458
beta_diversity_1,0.182666
beta_diversity_1,0.17775
beta_diversity_1,0.181041
beta_diversity_1,0.178875
beta_diversity_1,0.1785
beta_diversity_1,0.191542
beta_diversity_1,0.186334
beta_diversity_1,0.19775
beta_diversity_1,0.202
beta_diversity_1,0.195792
beta_diversity_1,0.196667
beta_diversity_1,0.193458
beta_diversity_1,0.189083
beta_diversity_1,0.178916
beta_diversity_1,0.178458
beta_diversity_1,0.184583
beta_diversity_1,0.18325
beta_diversity_1,0.187333
beta_diversity_1,0.207166
beta_diversity_1,0.204542
beta_diversity_1,0.190084
beta_diversity_1,0.191458
beta_diversity_1,0.18425
beta_diversity_1,0.210084
beta_diversity_1,0.188042
beta_diversity_1,0.1865
beta_diversity_1,0.183791
beta_diversity_1,0.1885
beta_diversity_1,0.18925
beta_diversity_1,0.205
beta_diversity_1,0.207958
beta_diversity_1,0.185333
beta_diversity_1,0.191792
beta_diversity_1,0.189459
beta_diversity_1,0.183792
beta_diversity_1,0.192667
beta_diversity_1,0.18425
beta_diversity_1,0.191333
beta_diversity_1,0.182958
beta_diversity_1,0.1855
beta_diversity_1,0.188209
beta_diversity_1,0.187875
beta_diversity_1,0.187958
beta_diversity_1,0.194709
beta_diversity_1,0.183708
beta_diversity_1,0.195958
beta_diversity_1,0.218291
beta_diversity_1,0.189833
beta_diversity_1,0.182959
beta_diversity_1,0.18625
beta_diversity_1,0.187417
beta_diversity_1,0.179
beta_diversity_1,0.179583
beta_diversity_1,0.1805
beta_diversity_1,0.180584
beta_diversity_1,0.18275
beta_diversity_1,0.183666
beta_diversity_1,0.18525
beta_diversity_1,0.180291
beta_diversity_1,0.195292
beta_diversity_1,0.184542
beta_diversity_1,0.186167
beta_diversity_1,0.189375
beta_diversity_1,0.183917
beta_diversity_1,0.189875
beta_diversity_1,0.189208
beta_diversity_1,0.190667
beta_diversity_1,0.186542
beta_diversity_1,0.186875
beta_diversity_2,0.075542
beta_diversity_2,0.022959
beta_diversity_2,0.018541
beta_diversity_2,0.0185
beta_diversity_2,0.018125
beta_diversity_2,0.018417
beta_diversity_2,0.0175
beta_diversity_2,0.018417
beta_diversity_2,0.018
beta_diversity_2,0.019166
beta_diversity_2,0.017166
beta_diversity_2,0.019083
beta_diversity_2,0.017209
beta_diversity_2,0.017209
beta_diversity_2,0.018958
beta_diversity_2,0.019375
beta_diversity_2,0.016917
beta_diversity_2,0.017625
beta_diversity_2,0.017459
beta_diversity_2,0.017459
beta_diversity_2,0.020167
beta_diversity_2,0.017959
beta_diversity_2,0.017375
beta_diversity_2,0.017416
beta_diversity_2,0.017375
beta_diversity_2,0.019625
beta_diversity_2,0.015458
beta_diversity_2,0.015458
beta_diversity_2,0.016166
beta_diversity_2,0.016
beta_diversity_2,0.01625
beta_diversity_2,0.0175
beta_diversity_2,0.017125
beta_diversity_2,0.015584
beta_diversity_2,0.016208
beta_diversity_2,0.015375
beta_diversity_2,0.018125
beta_diversity_2,0.016084
beta_diversity_2,0.016625
beta_diversity_2,0.015458
beta_diversity_2,0.016667
beta_diversity_2,0.015208
beta_diversity_2,0.014959
beta_diversity_2,0.014959
beta_diversity_2,0.0165
beta_diversity_2,0.016375
beta_diversity_2,0.015834
beta_diversity_2,0.016667
beta_diversity_2,0.015083
beta_diversity_2,0.015875
beta_diversity_2,0.015958
beta_diversity_2,0.016083
beta_diversity_2,0.015791
beta_diversity_2,0.015416
beta_diversity_2,0.015333
beta_diversity_2,0.015916
beta_diversity_2,0.015375
beta_diversity_2,0.015916
beta_diversity_2,0.015042
beta_diversity_2,0.015959
beta_diversity_2,0.015417
beta_diversity_2,0.015541
beta_diversity_2,0.015083
beta_diversity_2,0.0165
beta_diversity_2,0.015334
beta_diversity_2,0.015542
beta_diversity_2,0.032792
beta_diversity_2,0.023875
beta_diversity_2,0.024625
beta_diversity_2,0.025083
beta_diversity_2,0.026167
beta_diversity_2,0.021083
beta_diversity_2,0.022166
beta_diversity_2,0.020917
beta_diversity_2,0.0235
beta_diversity_2,0.021583
beta_diversity_2,0.02375
beta_diversity_2,0.025375
beta_diversity_2,0.022292
beta_diversity_2,0.020375
beta_diversity_2,0.022917
beta_diversity_2,0.04125
beta_diversity_2,0.023792
beta_diversity_2,0.020917
beta_diversity_2,0.0225
beta_diversity_2,0.020208
beta_diversity_2,0.02175
beta_diversity_2,0.020583
beta_diversity_2,0.021417
beta_diversity_2,0.020375
beta_diversity_2,0.0215
beta_diversity_2,0.041667
beta_diversity_2,0.022
beta_diversity_2,0.021375
beta_diversity_2,0.020417
beta_diversity_2,0.023167
beta_diversity_2,0.021
beta_diversity_2,0.022709
beta_diversity_2,0.02025
beta_diversity_2,0.021375
beta_diversity_3,0.071625
beta_diversity_3,0.020875
beta_diversity_3,0.019083
beta_diversity_3,0.018292
beta_diversity_3,0.017875
beta_diversity_3,0.01825
beta_diversity_3,0.018417
beta_diversity_3,0.017458
beta_diversity_3,0.017833
beta_diversity_3,0.018375
beta_diversity_3,0.017667
beta_diversity_3,0.019042
beta_diversity_3,0.017334
beta_diversity_3,0.017584
beta_diversity_3,0.018542
beta_diversity_3,0.018458
beta_diversity_3,0.017375
beta_diversity_3,0.017875
beta_diversity_3,0.016583
beta_diversity_3,0.018917
beta_diversity_3,0.018875
beta_diversity_3,0.018
beta_diversity_3,0.017125
beta_diversity_3,0.018166
beta_diversity_3,0.018958
beta_diversity_3,0.024208
beta_diversity_3,0.016125
beta_diversity_3,0.015667
beta_diversity_3,0.016041
beta_diversity_3,0.016583
beta_diversity_3,0.016792
beta_diversity_3,0.017125
beta_diversity_3,0.01725
beta_diversity_3,0.015458
beta_diversity_3,0.016709
beta_diversity_3,0.016
beta_diversity_3,0.016541
beta_diversity_3,0.016666
beta_diversity_3,0.019417
beta_diversity_3,0.015417
beta_diversity_3,0.016583
beta_diversity_3,0.015333
beta_diversity_3,0.015833
beta_diversity_3,0.015959
beta_diversity_3,0.016
beta_diversity_3,0.018125
beta_diversity_3,0.01575
beta_diversity_3,0.01725
beta_diversity_3,0.01575
beta_diversity_3,0.016375
beta_diversity_3,0.016166
beta_diversity_3,0.016333
beta_diversity_3,0.015792
beta_diversity_3,0.0145
beta_diversity_3,0.016416
beta_diversity_3,0.016208
beta_diversity_3,0.016292
beta_diversity_3,0.016
beta_diversity_3,0.015584
beta_diversity_3,0.016209
beta_diversity_3,0.015292
beta_diversity_3,0.01675
beta_diversity_3,0.015666
beta_diversity_3,0.016375
beta_diversity_3,0.015834
beta_diversity_3,0.0165
beta_diversity_3,0.015291
beta_diversity_3,0.015458
beta_diversity_3,0.016166
beta_diversity_3,0.016208
beta_diversity_3,0.0165
beta_diversity_3,0.0155
beta_diversity_3,0.016041
beta_diversity_3,0.015792
beta_diversity_3,0.015334
beta_diversity_3,0.016292
beta_diversity_3,0.015667
beta_diversity_3,0.015291
beta_diversity_3,0.01525
beta_diversity_3,0.016666
beta_diversity_3,0.016708
beta_diversity_3,0.016208
beta_diversity_3,0.01625
beta_diversity_3,0.016
beta_diversity_3,0.025583
beta_diversity_3,0.01575
beta_diversity_3,0.016083
beta_diversity_3,0.015458
beta_diversity_3,0.016292
beta_diversity_3,0.015125
beta_diversity_3,0.015875
beta_diversity_3,0.016459
beta_diversity_3,0.016458
beta_diversity_3,0.015833
beta_diversity_3,0.01725
beta_diversity_3,0.01625
beta_diversity_3,0.015917
beta_diversity_3,0.016625
beta_diversity_3,0.020125
beta_diversity_3,0.016542
spatial_beta_div_1,3.488917
spatial_beta_div_1,2.869667
spatial_beta_div_1,2.830208
spatial_beta_div_1,2.88025
spatial_beta_div_1,2.676792
spatial_beta_div_1,2.903375
spatial_beta_div_1,2.831459
spatial_beta_div_1,2.84775
spatial_beta_div_1,2.833542
spatial_beta_div_1,2.869792
spatial_beta_div_1,3.027375
spatial_beta_div_1,2.779875
spatial_beta_div_1,2.874125
spatial_beta_div_1,2.905833
spatial_beta_div_1,2.986334
spatial_beta_div_1,3.035458
spatial_beta_div_1,2.908667
spatial_beta_div_1,3.070875
spatial_beta_div_1,2.604917
spatial_beta_div_1,2.773917
spatial_beta_div_1,2.882209
spatial_beta_div_1,2.967583
spatial_beta_div_1,2.9125
spatial_beta_div_1,2.829042
spatial_beta_div_1,3.047166
spatial_beta_div_1,6.264666
spatial_beta_div_1,3.003833
spatial_beta_div_1,2.838708
spatial_beta_div_1,2.952625
spatial_beta_div_1,3.038417
spatial_beta_div_1,2.840167
spatial_beta_div_1,3.092417
spatial_beta_div_1,2.999208
spatial_beta_div_1,3.220417
spatial_beta_div_1,3.11425
spatial_beta_div_1,3.266667
spatial_beta_div_1,2.824666
spatial_beta_div_1,3.323291
spatial_beta_div_1,3.4715
spatial_beta_div_1,2.790042
spatial_beta_div_1,5.152125
spatial_beta_div_1,2.913917
spatial_beta_div_1,2.702333
spatial_beta_div_1,2.843167
spatial_beta_div_1,3.021
spatial_beta_div_1,3.030667
spatial_beta_div_1,3.121875
spatial_beta_div_1,3.021834
spatial_beta_div_1,3.263208
spatial_beta_div_1,3.179334
spatial_beta_div_1,5.6595
spatial_beta_div_1,2.799708
spatial_beta_div_1,2.658
spatial_beta_div_1,2.650125
spatial_beta_div_1,2.897
spatial_beta_div_1,2.845625
spatial_beta_div_1,2.739458
spatial_beta_div_1,2.608958
spatial_beta_div_1,2.539792
spatial_beta_div_1,4.956625
spatial_beta_div_1,2.667916
spatial_beta_div_1,2.738917
spatial_beta_div_1,2.636417
spatial_beta_div_1,2.57375
spatial_beta_div_1,2.882708
spatial_beta_div_1,4.5445
spatial_beta_div_1,2.706875
spatial_beta_div_1,2.69075
spatial_beta_div_1,2.607875
spatial_beta_div_1,2.771958
spatial_beta_div_1,2.790417
spatial_beta_div_1,4.013291
spatial_beta_div_1,2.730416
spatial_beta_div_1,3.014708
spatial_beta_div_1,2.686458
spatial_beta_div_1,16.231666
spatial_beta_div_1,7.906875
spatial_beta_div_1,17.66625
spatial_beta_div_1,3.347166
spatial_beta_div_1,65.055125
spatial_beta_div_1,3.088083
spatial_beta_div_1,2.757333
spatial_beta_div_1,2.748292
spatial_beta_div_1,2.863625
spatial_beta_div_1,2.688167
spatial_beta_div_1,2.717417
spatial_beta_div_1,2.75625
spatial_beta_div_1,2.735708
spatial_beta_div_1,2.882958
spatial_beta_div_1,2.59825
spatial_beta_div_1,2.71225
spatial_beta_div_1,2.60475
spatial_beta_div_1,2.718458
spatial_beta_div_1,2.781625
spatial_beta_div_1,2.714458
spatial_beta_div_1,2.847416
spatial_beta_div_1,2.653875
spatial_beta_div_1,2.650333
spatial_beta_div_1,3.110708
spatial_beta_div_1,2.691292
spatial_beta_div_2,3.078708
spatial_beta_div_2,2.661666
spatial_beta_div_2,2.616708
spatial_beta_div_2,2.693375
spatial_beta_div_2,2.477875
spatial_beta_div_2,2.483833
spatial_beta_div_2,2.62175
spatial_beta_div_2,2.479041
spatial_beta_div_2,2.553792
spatial_beta_div_2,2.403541
spatial_beta_div_2,2.514708
spatial_beta_div_2,2.574667
spatial_beta_div_2,2.550125
spatial_beta_div_2,2.332458
spatial_beta_div_2,2.772458
spatial_beta_div_2,2.644167
spatial_beta_div_2,2.634625
spatial_beta_div_2,2.455583
spatial_beta_div_2,2.549958
spatial_beta_div_2,2.562833
spatial_beta_div_2,2.584167
spatial_beta_div_2,2.572625
spatial_beta_div_2,2.497541
spatial_beta_div_2,2.494959
spatial_beta_div_2,2.419458
spatial_beta_div_2,2.414209
spatial_beta_div_2,2.564292
spatial_beta_div_2,5.334625
spatial_beta_div_2,2.576041
spatial_beta_div_2,2.534834
spatial_beta_div_2,2.487375
spatial_beta_div_2,2.5145
spatial_beta_div_2,2.622916
spatial_beta_div_2,2.512541
spatial_beta_div_2,2.4495
spatial_beta_div_2,2.65075
spatial_beta_div_2,2.462875
spatial_beta_div_2,2.563
spatial_beta_div_2,2.798083
spatial_beta_div_2,2.503541
spatial_beta_div_2,2.874625
spatial_beta_div_2,2.450667
spatial_beta_div_2,2.45425
spatial_beta_div_2,2.601375
spatial_beta_div_2,2.429667
spatial_beta_div_2,2.3095
spatial_beta_div_2,2.580125
spatial_beta_div_2,2.347
spatial_beta_div_2,2.504958
spatial_beta_div_2,4.96525
spatial_beta_div_2,2.646042
spatial_beta_div_2,2.600834
spatial_beta_div_2,3.654667
spatial_beta_div_2,3.754792
spatial_beta_div_2,3.633959
spatial_beta_div_2,3.067041
spatial_beta_div_2,4.408542
spatial_beta_div_2,3.708875
spatial_beta_div_2,3.3015
spatial_beta_div_2,2.627125
spatial_beta_div_2,2.467209
spatial_beta_div_2,3.07475
spatial_beta_div_2,2.925917
spatial_beta_div_2,4.253292
spatial_beta_div_2,2.720041
spatial_beta_div_2,2.9615
spatial_beta_div_2,3.696292
spatial_beta_div_2,2.972334
spatial_beta_div_2,2.862333
spatial_beta_div_2,3.016291
spatial_beta_div_2,3.152709
spatial_beta_div_2,2.807916
spatial_beta_div_2,2.850292
spatial_beta_div_2,2.568625
spatial_beta_div_2,3.3755
spatial_beta_div_2,2.852208
spatial_beta_div_2,2.524709
spatial_beta_div_2,2.435917
spatial_beta_div_2,2.348958
spatial_beta_div_2,2.293375
spatial_beta_div_2,2.396917
spatial_beta_div_2,2.376166
spatial_beta_div_2,2.452541
spatial_beta_div_2,16.244667
spatial_beta_div_2,2.454125
spatial_beta_div_2,2.416708
spatial_beta_div_2,2.713375
spatial_beta_div_2,2.577125
spatial_beta_div_2,3.143041
spatial_beta_div_2,2.686333
spatial_beta_div_2,57.326375
spatial_beta_div_2,2.626375
spatial_beta_div_2,2.521541
spatial_beta_div_2,2.376333
spatial_beta_div_2,2.906667
spatial_beta_div_2,2.347917
spatial_beta_div_2,2.632042
spatial_beta_div_2,2.630042
spatial_beta_div_2,2.478667
spatial_beta_div_2,2.747334
spatial_beta_div_3,3.001542
spatial_beta_div_3,2.641333
spatial_beta_div_3,2.555209
spatial_beta_div_3,2.622542
spatial_beta_div_3,2.536292
spatial_beta_div_3,2.538625
spatial_beta_div_3,2.551458
spatial_beta_div_3,2.597042
spatial_beta_div_3,2.582208
spatial_beta_div_3,2.521583
spatial_beta_div_3,2.720042
spatial_beta_div_3,2.497125
spatial_beta_div_3,2.460625
spatial_beta_div_3,2.719458
spatial_beta_div_3,2.607834
spatial_beta_div_3,2.6625
spatial_beta_div_3,2.657375
spatial_beta_div_3,3.108458
spatial_beta_div_3,2.631584
spatial_beta_div_3,2.565875
spatial_beta_div_3,2.497666
spatial_beta_div_3,2.807875
spatial_beta_div_3,2.55575
spatial_beta_div_3,2.606583
spatial_beta_div_3,2.564625
spatial_beta_div_3,2.5865
spatial_beta_div_3,2.595458
spatial_beta_div_3,5.333625
spatial_beta_div_3,2.551416
spatial_beta_div_3,2.585792
spatial_beta_div_3,2.585542
spatial_beta_div_3,2.696084
spatial_beta_div_3,2.614584
spatial_beta_div_3,2.695959
spatial_beta_div_3,2.290875
spatial_beta_div_3,2.646209
spatial_beta_div_3,2.560791
spatial_beta_div_3,2.555333
spatial_beta_div_3,2.525666
spatial_beta_div_3,2.671917
spatial_beta_div_3,2.423541
spatial_beta_div_3,2.588167
spatial_beta_div_3,2.622875
spatial_beta_div_3,2.548583
spatial_beta_div_3,2.477083
spatial_beta_div_3,2.514917
spatial_beta_div_3,2.581958
spatial_beta_div_3,2.585541
spatial_beta_div_3,2.455625
spatial_beta_div_3,2.449916
spatial_beta_div_3,2.540125
spatial_beta_div_3,2.496959
spatial_beta_div_3,2.697792
spatial_beta_div_3,2.489042
spatial_beta_div_3,2.525917
spatial_beta_div_3,4.909042
spatial_beta_div_3,2.548167
spatial_beta_div_3,2.724916
spatial_beta_div_3,2.587
spatial_beta_div_3,2.683542
spatial_beta_div_3,2.517167
spatial_beta_div_3,2.399459
spatial_beta_div_3,2.627875
spatial_beta_div_3,2.52575
spatial_beta_div_3,2.482083
spatial_beta_div_3,2.766208
spatial_beta_div_3,2.330792
spatial_beta_div_3,2.708792
spatial_beta_div_3,2.413542
spatial_beta_div_3,2.557041
spatial_beta_div_3,2.691917
spatial_beta_div_3,2.464792
spatial_beta_div_3,5.327917
spatial_beta_div_3,2.538041
spatial_beta_div_3,2.307875
spatial_beta_div_3,2.418916
spatial_beta_div_3,2.443584
spatial_beta_div_3,2.633916
spatial_beta_div_3,2.599916
spatial_beta_div_3,2.449708
spatial_beta_div_3,2.556541
spatial_beta_div_3,2.526417
spatial_beta_div_3,2.62
spatial_beta_div_3,2.646167
spatial_beta_div_3,2.595875
spatial_beta_div_3,3.843917
spatial_beta_div_3,2.718166
spatial_beta_div_3,2.478875
spatial_beta_div_3,2.693791
spatial_beta_div_3,2.507083
spatial_beta_div_3,2.554792
spatial_beta_div_3,2.471333
spatial_beta_div_3,2.4645
spatial_beta_div_3,2.500125
spatial_beta_div_3,2.450583
spatial_beta_div_3,2.500625
spatial_beta_div_3,3.791417
spatial_beta_div_3,2.434625
spatial_beta_div_3,2.439125
spatial_beta_div_3,2.439
temporal_beta_div_1,8.626375
temporal_beta_div_1,8.392834
temporal_beta_div_1,8.218791
temporal_beta_div_1,8.536875
temporal_beta_div_1,8.566125
temporal_beta_div_1,8.759208
temporal_beta_div_1,9.396417
temporal_beta_div_1,13.106583
temporal_beta_div_1,8.17525
temporal_beta_div_1,8.104208
temporal_beta_div_1,8.163833
temporal_beta_div_1,8.119791
temporal_beta_div_1,8.230833
temporal_beta_div_1,9.200166
temporal_beta_div_1,9.079209
temporal_beta_div_1,9.029542
temporal_beta_div_1,14.691792
temporal_beta_div_1,8.449584
temporal_beta_div_1,8.71575
temporal_beta_div_1,8.626166
temporal_beta_div_1,8.451625
temporal_beta_div_1,11.318792
temporal_beta_div_1,8.253417
temporal_beta_div_1,8.544791
temporal_beta_div_1,8.702375
temporal_beta_div_1,11.713958
temporal_beta_div_1,8.422084
temporal_beta_div_1,8.3075
temporal_beta_div_1,8.286125
temporal_beta_div_1,11.062208
temporal_beta_div_1,8.270125
temporal_beta_div_1,8.192667
temporal_beta_div_1,10.520875
temporal_beta_div_1,8.678833
temporal_beta_div_1,10.711
temporal_beta_div_1,8.111584
temporal_beta_div_1,10.456458
temporal_beta_div_1,8.123833
temporal_beta_div_1,10.285084
temporal_beta_div_1,23.532958
temporal_beta_div_1,8.1095
temporal_beta_div_1,71.239791
temporal_beta_div_1,8.09625
temporal_beta_div_1,8.054791
temporal_beta_div_1,8.178084
temporal_beta_div_1,8.028583
temporal_beta_div_1,8.18475
temporal_beta_div_1,8.655834
temporal_beta_div_1,13.334417
temporal_beta_div_1,8.402292
temporal_beta_div_1,8.219375
temporal_beta_div_1,8.320458
temporal_beta_div_1,8.29025
temporal_beta_div_1,8.319167
temporal_beta_div_1,8.9955
temporal_beta_div_1,9.401666
temporal_beta_div_1,13.2785
temporal_beta_div_1,8.294458
temporal_beta_div_1,8.56875
temporal_beta_div_1,8.390084
temporal_beta_div_1,8.40125
temporal_beta_div_1,10.92775
temporal_beta_div_1,8.250333
temporal_beta_div_1,8.065125
temporal_beta_div_1,8.181041
temporal_beta_div_1,10.487167
temporal_beta_div_1,8.348375
temporal_beta_div_1,8.148542
temporal_beta_div_1,10.607208
temporal_beta_div_1,8.052958
temporal_beta_div_1,8.1955
temporal_beta_div_1,10.686959
temporal_beta_div_1,8.281125
temporal_beta_div_1,8.194709
temporal_beta_div_1,10.697458
temporal_beta_div_1,8.065333
temporal_beta_div_1,10.425417
temporal_beta_div_1,10.599458
temporal_beta_div_1,8.153166
temporal_beta_div_1,21.777708
temporal_beta_div_1,65.970958
temporal_beta_div_1,8.288292
temporal_beta_div_1,8.135375
temporal_beta_div_1,8.842667
temporal_beta_div_1,8.71025
temporal_beta_div_1,8.6275
temporal_beta_div_1,8.446875
temporal_beta_div_1,8.753791
temporal_beta_div_1,12.596209
temporal_beta_div_1,8.110791
temporal_beta_div_1,8.015959
temporal_beta_div_1,8.058
temporal_beta_div_1,7.912791
temporal_beta_div_1,8.2005
temporal_beta_div_1,8.658042
temporal_beta_div_1,8.697833
temporal_beta_div_1,8.731708
temporal_beta_div_1,14.368834
temporal_beta_div_1,8.471833
temporal_beta_div_1,9.783958
temporal_beta_div_2,4.108583
temporal_beta_div_2,3.712542
temporal_beta_div_2,3.603125
temporal_beta_div_2,3.688292
temporal_beta_div_2,3.64575
temporal_beta_div_2,3.563292
temporal_beta_div_2,3.629834
temporal_beta_div_2,3.534292
temporal_beta_div_2,3.594458
temporal_beta_div_2,3.776916
temporal_beta_div_2,3.640667
temporal_beta_div_2,3.85225
temporal_beta_div_2,3.9245
temporal_beta_div_2,3.850083
temporal_beta_div_2,3.9725
temporal_beta_div_2,3.830041
temporal_beta_div_2,6.245667
temporal_beta_div_2,3.691542
temporal_beta_div_2,3.432833
temporal_beta_div_2,3.483084
temporal_beta_div_2,3.529708
temporal_beta_div_2,3.615167
temporal_beta_div_2,3.730667
temporal_beta_div_2,3.63925
temporal_beta_div_2,3.688917
temporal_beta_div_2,3.684292
temporal_beta_div_2,3.849334
temporal_beta_div_2,3.67375
temporal_beta_div_2,3.736542
temporal_beta_div_2,3.612916
temporal_beta_div_2,3.657542
temporal_beta_div_2,3.533708
temporal_beta_div_2,3.622416
temporal_beta_div_2,3.710792
temporal_beta_div_2,3.8425
temporal_beta_div_2,3.940833
temporal_beta_div_2,3.693916
temporal_beta_div_2,3.827875
temporal_beta_div_2,3.915417
temporal_beta_div_2,4.193333
temporal_beta_div_2,3.76
temporal_beta_div_2,3.855458
temporal_beta_div_2,3.883166
temporal_beta_div_2,3.837583
temporal_beta_div_2,3.774709
temporal_beta_div_2,4.040042
temporal_beta_div_2,4.143583
temporal_beta_div_2,7.194834
temporal_beta_div_2,3.545625
temporal_beta_div_2,3.643625
temporal_beta_div_2,3.437416
temporal_beta_div_2,3.631834
temporal_beta_div_2,3.6225
temporal_beta_div_2,3.727041
temporal_beta_div_2,3.492292
temporal_beta_div_2,4.154958
temporal_beta_div_2,3.736125
temporal_beta_div_2,3.713875
temporal_beta_div_2,3.547917
temporal_beta_div_2,3.704417
temporal_beta_div_2,3.592667
temporal_beta_div_2,3.516125
temporal_beta_div_2,3.753292
temporal_beta_div_2,3.614417
temporal_beta_div_2,3.678334
temporal_beta_div_2,5.716583
temporal_beta_div_2,3.585916
temporal_beta_div_2,3.634334
temporal_beta_div_2,3.495542
temporal_beta_div_2,3.497
temporal_beta_div_2,3.502709
temporal_beta_div_2,3.88075
temporal_beta_div_2,3.526125
temporal_beta_div_2,3.786
temporal_beta_div_2,3.468166
temporal_beta_div_2,3.65625
temporal_beta_div_2,3.552083
temporal_beta_div_2,3.858459
temporal_beta_div_2,5.748625
temporal_beta_div_2,3.417791
temporal_beta_div_2,3.48375
temporal_beta_div_2,3.448417
temporal_beta_div_2,3.689583
temporal_beta_div_2,3.513292
temporal_beta_div_2,3.731083
temporal_beta_div_2,3.507375
temporal_beta_div_2,3.940209
temporal_beta_div_2,3.502791
temporal_beta_div_2,5.496708
temporal_beta_div_2,3.472916
temporal_beta_div_2,3.623417
temporal_beta_div_2,3.523459
temporal_beta_div_2,3.908125
temporal_beta_div_2,4.331458
temporal_beta_div_2,3.529209
temporal_beta_div_2,3.555459
temporal_beta_div_2,3.5845
temporal_beta_div_2,16.331458
temporal_beta_div_2,3.519166
temporal_beta_div_2,3.600958
temporal_beta_div_3,4.186583
temporal_beta_div_3,3.823208
temporal_beta_div_3,3.622916
temporal_beta_div_3,3.769625
temporal_beta_div_3,3.652
temporal_beta_div_3,3.788666
temporal_beta_div_3,3.564375
temporal_beta_div_3,3.672708
temporal_beta_div_3,3.5425
temporal_beta_div_3,3.579292
temporal_beta_div_3,3.668917
temporal_beta_div_3,3.841875
temporal_beta_div_3,3.713708
temporal_beta_div_3,3.622458
temporal_beta_div_3,3.5825
temporal_beta_div_3,3.85225
temporal_beta_div_3,6.138667
temporal_beta_div_3,3.659
temporal_beta_div_3,3.648833
temporal_beta_div_3,3.639
temporal_beta_div_3,3.877166
temporal_beta_div_3,3.706917
temporal_beta_div_3,3.744334
temporal_beta_div_3,3.590084
temporal_beta_div_3,3.613625
temporal_beta_div_3,3.587292
temporal_beta_div_3,3.420125
temporal_beta_div_3,3.496541
temporal_beta_div_3,3.479292
temporal_beta_div_3,3.577792
temporal_beta_div_3,3.576166
temporal_beta_div_3,3.559958
temporal_beta_div_3,3.534416
temporal_beta_div_3,3.695125
temporal_beta_div_3,3.632083
temporal_beta_div_3,3.727084
temporal_beta_div_3,3.520167
temporal_beta_div_3,3.49625
temporal_beta_div_3,3.694291
temporal_beta_div_3,3.704875
temporal_beta_div_3,3.658959
temporal_beta_div_3,3.613958
temporal_beta_div_3,3.901792
temporal_beta_div_3,3.878
temporal_beta_div_3,3.757166
temporal_beta_div_3,3.578333
temporal_beta_div_3,3.5965
temporal_beta_div_3,6.014375
temporal_beta_div_3,3.537708
temporal_beta_div_3,3.591958
temporal_beta_div_3,3.494916
temporal_beta_div_3,3.456291
temporal_beta_div_3,3.3905
temporal_beta_div_3,3.634333
temporal_beta_div_3,3.5305
temporal_beta_div_3,3.496125
temporal_beta_div_3,3.623834
temporal_beta_div_3,3.647041
temporal_beta_div_3,3.583584
temporal_beta_div_3,3.717542
temporal_beta_div_3,3.677917
temporal_beta_div_3,3.7235
temporal_beta_div_3,3.532833
temporal_beta_div_3,3.46275
temporal_beta_div_3,3.415083
temporal_beta_div_3,5.944542
temporal_beta_div_3,3.599416
temporal_beta_div_3,3.552333
temporal_beta_div_3,3.711208
temporal_beta_div_3,3.648625
temporal_beta_div_3,3.745583
temporal_beta_div_3,3.399584
temporal_beta_div_3,3.64775
temporal_beta_div_3,3.367875
temporal_beta_div_3,3.593625
temporal_beta_div_3,3.618333
temporal_beta_div_3,3.689167
temporal_beta_div_3,3.561625
temporal_beta_div_3,3.61975
temporal_beta_div_3,5.050542
temporal_beta_div_3,3.556708
temporal_beta_div_3,3.696708
temporal_beta_div_3,3.457042
temporal_beta_div_3,3.689334
temporal_beta_div_3,3.686208
temporal_beta_div_3,3.586792
temporal_beta_div_3,3.439583
temporal_beta_div_3,3.660458
temporal_beta_div_3,3.702458
temporal_beta_div_3,5.684667
temporal_beta_div_3,3.533625
temporal_beta_div_3,3.460291
temporal_beta_div_3,3.48975
temporal_beta_div_3,3.550167
temporal_beta_div_3,3.49225
temporal_beta_div_3,3.541084
temporal_beta_div_3,3.597791
temporal_beta_div_3,4.672125
temporal_beta_div_3,3.652125
temporal_beta_div_3,3.64475
DNCI_multigroup_result,587.381292
DNCI_multigroup_result,587.491
DNCI_multigroup_result,560.119584
DNCI_multigroup_result,562.412833
DNCI_multigroup_result,571.198083
DNCI_multigroup_result,560.134958
DNCI_multigroup_result,560.288583
DNCI_multigroup_result,558.777583
DNCI_multigroup_result,565.872167
DNCI_multigroup_result,561.308334
DNCI_multigroup_result,555.314541
DNCI_multigroup_result,574.421417
DNCI_multigroup_result,561.029375
DNCI_multigroup_result,560.063708
DNCI_multigroup_result,560.701708
DNCI_multigroup_result,573.104917
DNCI_multigroup_result,562.157292
DNCI_multigroup_result,555.329584
DNCI_multigroup_result,558.731458
DNCI_multigroup_result,603.08025
DNCI_multigroup_result,562.79175
DNCI_multigroup_result,558.564875
DNCI_multigroup_result,564.193959
DNCI_multigroup_result,564.17
DNCI_multigroup_result,557.883083
DNCI_multigroup_result,562.608
DNCI_multigroup_result,562.552834
DNCI_multigroup_result,563.945459
DNCI_multigroup_result,558.787625
DNCI_multigroup_result,561.128333
DNCI_multigroup_result,568.695666
DNCI_multigroup_result,559.862667
DNCI_multigroup_result,559.876625
DNCI_multigroup_result,554.653333
DNCI_multigroup_result,567.637208
DNCI_multigroup_result,557.165334
DNCI_multigroup_result,560.841875
DNCI_multigroup_result,558.073375
DNCI_multigroup_result,565.147917
DNCI_multigroup_result,559.878333
DNCI_multigroup_result,561.256709
DNCI_multigroup_result,561.473125
DNCI_multigroup_result,567.158292
DNCI_multigroup_result,561.721334
DNCI_multigroup_result,557.167583
DNCI_multigroup_result,567.159959
DNCI_multigroup_result,560.299583
DNCI_multigroup_result,560.076625
DNCI_multigroup_result,558.807583
DNCI_multigroup_result,588.704209
DNCI_multigroup_result,563.434083
DNCI_multigroup_result,555.24825
DNCI_multigroup_result,559.655042
DNCI_multigroup_result,565.42275
DNCI_multigroup_result,561.939
DNCI_multigroup_result,559.667625
DNCI_multigroup_result,560.0705
DNCI_multigroup_result,566.459083
DNCI_multigroup_result,562.986125
DNCI_multigroup_result,559.130166
DNCI_multigroup_result,555.514334
DNCI_multigroup_result,571.266083
DNCI_multigroup_result,560.880542
DNCI_multigroup_result,561.549167
DNCI_multigroup_result,568.844917
DNCI_multigroup_result,558.419417
DNCI_multigroup_result,561.866375
DNCI_multigroup_result,556.958083
DNCI_multigroup_result,569.062708
DNCI_multigroup_result,558.3655
DNCI_multigroup_result,557.057333
DNCI_multigroup_result,560.689208
DNCI_multigroup_result,564.477125
DNCI_multigroup_result,560.206916
DNCI_multigroup_result,554.15025
DNCI_multigroup_result,557.722042
DNCI_multigroup_result,570.082667
DNCI_multigroup_result,562.953375
DNCI_multigroup_result,558.646583
DNCI_multigroup_result,558.352125
DNCI_multigroup_result,569.831208
DNCI_multigroup_result,558.149208
DNCI_multigroup_result,560.693584
DNCI_multigroup_result,567.551291
DNCI_multigroup_result,643.166208
DNCI_multigroup_result,620.49575
DNCI_multigroup_result,561.9145
DNCI_multigroup_result,566.899333
DNCI_multigroup_result,557.52575
DNCI_multigroup_result,555.492333
DNCI_multigroup_result,553.613125
DNCI_multigroup_result,567.143417
DNCI_multigroup_result,557.347292
DNCI_multigroup_result,563.331917
DNCI_multigroup_result,554.502917
DNCI_multigroup_result,564.827292
DNCI_multigroup_result,572.512333
DNCI_multigroup_result,551.574375
DNCI_multigroup_result,570.238416
DNCI_multigroup_result,554.930083
prop_patches_result,1.7155
prop_patches_result,1.332125
prop_patches_result,1.313917
prop_patches_result,1.211541
prop_patches_result,1.240208
prop_patches_result,1.266125
prop_patches_result,1.281834
prop_patches_result,1.246416
prop_patches_result,1.402292
prop_patches_result,1.440583
prop_patches_result,1.367041
prop_patches_result,1.217542
prop_patches_result,1.529708
prop_patches_result,1.286209
prop_patches_result,1.24725
prop_patches_result,1.393833
prop_patches_result,1.312333
prop_patches_result,1.289542
prop_patches_result,1.477375
prop_patches_result,1.349667
prop_patches_result,1.300458
prop_patches_result,1.256708
prop_patches_result,1.318375
prop_patches_result,1.30475
prop_patches_result,1.22
prop_patches_result,1.340708
prop_patches_result,1.381042
prop_patches_result,1.357042
prop_patches_result,1.3265
prop_patches_result,1.511125
prop_patches_result,5.216584
prop_patches_result,1.406958
prop_patches_result,1.310333
prop_patches_result,1.213625
prop_patches_result,1.36025
prop_patches_result,1.780833
prop_patches_result,1.409791
prop_patches_result,1.300083
prop_patches_result,1.236875
prop_patches_result,1.252459
prop_patches_result,1.953125
prop_patches_result,1.806875
prop_patches_result,1.382875
prop_patches_result,1.48225
prop_patches_result,1.627625
prop_patches_result,1.916792
prop_patches_result,1.27075
prop_patches_result,1.229416
prop_patches_result,1.280125
prop_patches_result,1.260083
prop_patches_result,1.329458
prop_patches_result,1.253042
prop_patches_result,1.186042
prop_patches_result,1.324083
prop_patches_result,1.401709
prop_patches_result,1.424042
prop_patches_result,1.397542
prop_patches_result,1.272167
prop_patches_result,1.318208
prop_patches_result,1.59825
prop_patches_result,1.587292
prop_patches_result,1.616209
prop_patches_result,1.585375
prop_patches_result,1.643042
prop_patches_result,1.442875
prop_patches_result,1.995917
prop_patches_result,1.661625
prop_patches_result,1.816083
prop_patches_result,1.314875
prop_patches_result,1.409334
prop_patches_result,1.129834
prop_patches_result,1.372875
prop_patches_result,1.328959
prop_patches_result,1.250958
prop_patches_result,1.439541
prop_patches_result,1.229708
prop_patches_result,1.198875
prop_patches_result,1.096791
prop_patches_result,1.183584
prop_patches_result,1.293667
prop_patches_result,1.447833
prop_patches_result,1.473708
prop_patches_result,1.553
prop_patches_result,1.383833
prop_patches_result,1.166167
prop_patches_result,6.008625
prop_patches_result,1.237833
prop_patches_result,1.151625
prop_patches_result,1.207542
prop_patches_result,1.195583
prop_patches_result,1.247875
prop_patches_result,1.125542
prop_patches_result,1.176333
prop_patches_result,1.174625
prop_patches_result,1.168542
prop_patches_result,1.182875
prop_patches_result,1.088542
prop_patches_result,1.120708
prop_patches_result,1.205584
prop_patches_result,1.117375
CV_meta_result,23.611458
CV_meta_result,23.7055
CV_meta_result,23.596916
CV_meta_result,23.983167
CV_meta_result,24.121292
CV_meta_result,24.582083
CV_meta_result,24.882
CV_meta_result,24.786791
CV_meta_result,24.740292
CV_meta_result,24.476708
CV_meta_result,24.90275
CV_meta_result,25.034875
CV_meta_result,24.892667
CV_meta_result,24.871875
CV_meta_result,36.478
CV_meta_result,23.666375
CV_meta_result,23.748792
CV_meta_result,23.902417
CV_meta_result,23.685625
CV_meta_result,23.875834
CV_meta_result,24.852584
CV_meta_result,24.821042
CV_meta_result,29.847084
CV_meta_result,23.685209
CV_meta_result,23.758584
CV_meta_result,23.893583
CV_meta_result,23.929583
CV_meta_result,24.356625
CV_meta_result,27.306334
CV_meta_result,23.924917
CV_meta_result,24.082208
CV_meta_result,23.634917
CV_meta_result,26.116125
CV_meta_result,23.71125
CV_meta_result,23.70625
CV_meta_result,23.535792
CV_meta_result,26.770041
CV_meta_result,23.746041
CV_meta_result,23.531958
CV_meta_result,24.51875
CV_meta_result,26.447833
CV_meta_result,23.958
CV_meta_result,23.879333
CV_meta_result,27.893292
CV_meta_result,23.716125
CV_meta_result,25.70225
CV_meta_result,23.823083
CV_meta_result,26.56175
CV_meta_result,23.640583
CV_meta_result,25.565292
CV_meta_result,23.869583
CV_meta_result,26.823709
CV_meta_result,23.765416
CV_meta_result,25.577458
CV_meta_result,26.355708
CV_meta_result,23.590083
CV_meta_result,25.621583
CV_meta_result,23.644584
CV_meta_result,26.677
CV_meta_result,23.849375
CV_meta_result,25.668542
CV_meta_result,23.630833
CV_meta_result,26.961917
CV_meta_result,24.124292
CV_meta_result,25.672042
CV_meta_result,26.327875
CV_meta_result,23.620791
CV_meta_result,25.616167
CV_meta_result,23.504333
CV_meta_result,41.98375
CV_meta_result,23.707375
CV_meta_result,90.438667
CV_meta_result,23.591417
CV_meta_result,23.888583
CV_meta_result,23.885917
CV_meta_result,23.53925
CV_meta_result,24.125
CV_meta_result,24.948584
CV_meta_result,24.811083
CV_meta_result,24.676541
CV_meta_result,24.803708
CV_meta_result,24.695584
CV_meta_result,24.830625
CV_meta_result,24.750917
CV_meta_result,24.719625
CV_meta_result,36.976209
CV_meta_result,23.8865
CV_meta_result,23.669334
CV_meta_result,23.855208
CV_meta_result,23.573666
CV_meta_result,24.0485
CV_meta_result,24.552959
CV_meta_result,25.006792
CV_meta_result,29.657125
CV_meta_result,23.729334
CV_meta_result,23.970916
CV_meta_result,23.558125
CV_meta_result,23.7135
CV_meta_result,27.785709
CV_meta_result,23.712583
hypervolume_det_result,0.098292
hypervolume_det_result,0.012417
hypervolume_det_result,0.009833
hypervolume_det_result,0.008083
hypervolume_det_result,0.008291
hypervolume_det_result,0.008083
hypervolume_det_result,0.0075
hypervolume_det_result,0.007417
hypervolume_det_result,0.007416
hypervolume_det_result,0.007667
hypervolume_det_result,0.007834
hypervolume_det_result,0.006709
hypervolume_det_result,0.007666
hypervolume_det_result,0.007583
hypervolume_det_result,0.008458
hypervolume_det_result,0.007708
hypervolume_det_result,0.007458
hypervolume_det_result,0.007708
hypervolume_det_result,0.006833
hypervolume_det_result,0.007792
hypervolume_det_result,0.007542
hypervolume_det_result,0.007583
hypervolume_det_result,0.007666
hypervolume_det_result,0.007208
hypervolume_det_result,0.007375
hypervolume_det_result,0.006708
hypervolume_det_result,0.006958
hypervolume_det_result,0.006875
hypervolume_det_result,0.007458
hypervolume_det_result,0.007333
hypervolume_det_result,0.006875
hypervolume_det_result,0.007875
hypervolume_det_result,0.007167
hypervolume_det_result,0.007333
hypervolume_det_result,0.007167
hypervolume_det_result,0.007458
hypervolume_det_result,0.007375
hypervolume_det_result,0.007167
hypervolume_det_result,0.007708
hypervolume_det_result,0.006834
hypervolume_det_result,0.00775
hypervolume_det_result,0.007458
hypervolume_det_result,0.007833
hypervolume_det_result,0.007375
hypervolume_det_result,0.007459
hypervolume_det_result,0.007208
hypervolume_det_result,0.007792
hypervolume_det_result,0.006875
hypervolume_det_result,0.025833
hypervolume_det_result,0.00775
hypervolume_det_result,0.007334
hypervolume_det_result,0.006958
hypervolume_det_result,0.006875
hypervolume_det_result,0.007709
hypervolume_det_result,0.007375
hypervolume_det_result,0.007541
hypervolume_det_result,0.007541
hypervolume_det_result,0.006958
hypervolume_det_result,0.00725
hypervolume_det_result,0.0085
hypervolume_det_result,0.007583
hypervolume_det_result,0.007208
hypervolume_det_result,0.007291
hypervolume_det_result,0.008333
hypervolume_det_result,0.008208
hypervolume_det_result,0.007292
hypervolume_det_result,0.008167
hypervolume_det_result,0.007792
hypervolume_det_result,0.007583
hypervolume_det_result,0.007583
hypervolume_det_result,0.006833
hypervolume_det_result,0.007416
hypervolume_det_result,0.007667
hypervolume_det_result,0.007416
hypervolume_det_result,0.007083
hypervolume_det_result,0.018333
hypervolume_det_result,0.008
hypervolume_det_result,0.007125
hypervolume_det_result,0.007167
hypervolume_det_result,0.007916
hypervolume_det_result,0.007417
hypervolume_det_result,0.007333
hypervolume_det_result,0.007291
hypervolume_det_result,0.007042
hypervolume_det_result,0.007292
hypervolume_det_result,0.007458
hypervolume_det_result,0.006917
hypervolume_det_result,0.007375
hypervolume_det_result,0.007041
hypervolume_det_result,0.00725
hypervolume_det_result,0.007542
hypervolume_det_result,0.006666
hypervolume_det_result,0.0075
hypervolume_det_result,0.00675
hypervolume_det_result,0.007792
hypervolume_det_result,0.007042
hypervolume_det_result,0.007209
hypervolume_det_result,0.007167
hypervolume_det_result,0.007209
hypervolume_det_result,0.006917
hypervolume_dis_result,0.218791
hypervolume_dis_result,0.026709
hypervolume_dis_result,0.019125
hypervolume_dis_result,0.016542
hypervolume_dis_result,0.01425
hypervolume_dis_result,0.012292
hypervolume_dis_result,0.011584
hypervolume_dis_result,0.011417
hypervolume_dis_result,0.011375
hypervolume_dis_result,0.011542
hypervolume_dis_result,0.011583
hypervolume_dis_result,0.01125
hypervolume_dis_result,0.011042
hypervolume_dis_result,0.010459
hypervolume_dis_result,0.012
hypervolume_dis_result,0.011458
hypervolume_dis_result,0.0115
hypervolume_dis_result,0.010958
hypervolume_dis_result,0.010292
hypervolume_dis_result,0.011083
hypervolume_dis_result,0.01125
hypervolume_dis_result,0.011
hypervolume_dis_result,0.01075
hypervolume_dis_result,0.011083
hypervolume_dis_result,0.011417
hypervolume_dis_result,0.011625
hypervolume_dis_result,0.009959
hypervolume_dis_result,0.011292
hypervolume_dis_result,0.010541
hypervolume_dis_result,0.010333
hypervolume_dis_result,0.011792
hypervolume_dis_result,0.01025
hypervolume_dis_result,0.0115
hypervolume_dis_result,0.010375
hypervolume_dis_result,0.01075
hypervolume_dis_result,0.011042
hypervolume_dis_result,0.011541
hypervolume_dis_result,0.010958
hypervolume_dis_result,0.010541
hypervolume_dis_result,0.010833
hypervolume_dis_result,0.01125
hypervolume_dis_result,0.011042
hypervolume_dis_result,0.011083
hypervolume_dis_result,0.010791
hypervolume_dis_result,0.011583
hypervolume_dis_result,0.010375
hypervolume_dis_result,0.01075
hypervolume_dis_result,0.011292
hypervolume_dis_result,0.011125
hypervolume_dis_result,0.01125
hypervolume_dis_result,0.01075
hypervolume_dis_result,0.011167
hypervolume_dis_result,0.011542
hypervolume_dis_result,0.011
hypervolume_dis_result,0.011292
hypervolume_dis_result,0.011625
hypervolume_dis_result,0.011125
hypervolume_dis_result,0.010583
hypervolume_dis_result,0.011292
hypervolume_dis_result,0.010833
hypervolume_dis_result,0.010792
hypervolume_dis_result,0.010417
hypervolume_dis_result,0.011
hypervolume_dis_result,0.011084
hypervolume_dis_result,0.010583
hypervolume_dis_result,0.010958
hypervolume_dis_result,0.011542
hypervolume_dis_result,0.011
hypervolume_dis_result,0.01075
hypervolume_dis_result,0.011292
hypervolume_dis_result,0.010541
hypervolume_dis_result,0.010833
hypervolume_dis_result,0.010875
hypervolume_dis_result,0.011084
hypervolume_dis_result,0.010375
hypervolume_dis_result,0.010625
hypervolume_dis_result,0.010542
hypervolume_dis_result,0.010083
hypervolume_dis_result,0.0105
hypervolume_dis_result,0.011125
hypervolume_dis_result,0.010625
hypervolume_dis_result,0.011208
hypervolume_dis_result,0.01025
hypervolume_dis_result,0.01125
hypervolume_dis_result,0.010917
hypervolume_dis_result,0.0115
hypervolume_dis_result,0.011125
hypervolume_dis_result,0.01025
hypervolume_dis_result,0.011041
hypervolume_dis_result,0.010542
hypervolume_dis_result,0.011333
hypervolume_dis_result,0.0105
hypervolume_dis_result,0.011125
hypervolume_dis_result,0.010958
hypervolume_dis_result,0.011875
hypervolume_dis_result,0.011917
hypervolume_dis_result,0.010666
hypervolume_dis_result,0.012375
hypervolume_dis_result,0.011167
hypervolume_dis_result,0.01175
